metric,mean_switch_minus_stable,permutation_pvalue,mean_stable,mean_switching,median_stable,median_switching
disp_total_6d,3.3035467818468227,0.00025,2.086601910139886,5.390148691986709,1.7805593324962796,4.633615849520489
disp_malignant_3d,2.528859731702336,0.0,1.5803803145094115,4.109240046211747,1.4347616372430956,3.709496178740835
disp_tme_3d,1.8927552948238588,0.01525,1.187454619819182,3.080209914643041,0.8945917693744427,2.029240684591356
