axis,transition,n_pairs,median_delta,hodges_lehmann_delta,ci_lo,ci_hi,wilcoxon_p,directional_consistency,fdr_q
pc2,r1_to_r2,5,0.1103436619370055,0.1103436619370055,-0.741789061536414,0.3662139065663508,0.625,0.8,0.9479166666666666
ilr_stem_vs_committed,r1_to_r2,5,0.0182714441115079,0.15795098697710752,-1.2114122410963954,1.5273142150506105,0.8125,0.6,0.9479166666666666
pc1,r1_to_r2,5,0.0111848829499261,0.0055293168869336995,-0.0242848471796248,0.0175020686630553,0.8125,0.6,0.9479166666666666
ilr_prog_vs_mature,r1_to_r2,5,-0.0227525526392433,-0.0227525526392433,-0.5263197212674009,2.0271359717148036,1.0,0.6,1.0
log_aux_clp,r1_to_r2,5,-0.0321292922172045,0.20961893507553642,-0.4082654613488428,0.8275033314999156,0.8125,0.6,0.9479166666666666
ilr_gmp_vs_monodc,r1_to_r2,5,-0.0672361401068348,-0.0672361401068348,-0.1154610480463556,2.181582290220018,0.625,0.8,0.9479166666666666
log_aux_erybaso,r1_to_r2,5,-0.4135394321265315,-0.4135394321265315,-0.8556133941334183,1.4140508785426262,0.625,0.8,0.9479166666666666
