axis,n_pairs,dx_to_r1_median_delta,hodges_lehmann_delta,ci_lo,ci_hi,wilcoxon_p,dx_to_r1_fdr_q,dx_to_r1_directional_consistency,auroc_leukemia_vs_control,median_difference,abs_dx_to_r1_median_delta
log_aux_erybaso,20,0.29447594981440117,0.2960940860691208,-0.06244679588199635,0.6608935673944651,0.06372261047363281,0.4460582733154297,0.7,0.9181818181818182,1.0495460585294296,0.29447594981440117
ilr_prog_vs_mature,20,-0.27357634425207356,-0.2710441711923467,-0.6683587927888961,0.2467110193744415,0.24548721313476562,0.6368548075358073,0.6,0.5,-0.011418128418385631,0.27357634425207356
log_aux_clp,20,-0.15018750465010416,-0.07732673672259646,-0.23165147766186456,0.15411661751070896,0.5458755493164062,0.6368548075358073,0.6,0.8745454545454545,1.0112911149180874,0.15018750465010416
ilr_gmp_vs_monodc,20,-0.14638255236672565,-0.17327278741608032,-0.5238025107114554,0.2742486651570308,0.5458755493164062,0.6368548075358073,0.55,0.7181818181818181,0.4283944525234653,0.14638255236672565
pc2,20,-0.11669244282601596,-0.12766654038034345,-0.327891819832343,0.12196623481781999,0.2942523956298828,0.6368548075358073,0.6,0.28545454545454546,-0.4482063253975946,0.11669244282601596
ilr_stem_vs_committed,20,-0.087772239358131,-0.05532782848641546,-0.518517352377811,0.43822747816774044,0.8408222198486328,0.8408222198486328,0.55,0.8563636363636363,0.6778876586276813,0.087772239358131
pc1,20,-0.0016476484229903002,-0.010031631387646126,-0.03634446433835625,0.01415152327754265,0.40909767150878906,0.6368548075358073,0.5,0.0,-0.07071695729988658,0.0016476484229903002
