axis,score_column,n_leukemia,n_control,median_leukemia,median_control,median_difference,auroc_leukemia_vs_control,mannwhitney_p,fdr_q
log_aux_erybaso,log_aux_erybaso_cal,55,10,-3.5538889607868622,-4.603435019316292,1.0495460585294296,0.9181818181818182,3.0097512964541168e-05,0.00010534129537589409
log_aux_clp,log_aux_clp_cal,55,10,-5.730751664137643,-6.742042779055731,1.0112911149180874,0.8745454545454545,0.00018670062161989476,0.00043563478377975443
ilr_stem_vs_committed,ilr_stem_vs_committed_cal,55,10,0.1059172603500286,-0.5719703982776527,0.6778876586276813,0.8563636363636363,0.0003786330567612249,0.0006626078493321436
ilr_gmp_vs_monodc,ilr_gmp_vs_monodc_cal,55,10,2.3770786636864356,1.9486842111629703,0.4283944525234653,0.7181818181818181,0.029800849862037595,0.03809141655397764
ilr_prog_vs_mature,ilr_prog_vs_mature_cal,55,10,2.36166753555272,2.3730856639711058,-0.011418128418385631,0.5,1.0,1.0
pc2,pc2_cal,55,10,0.2243953119115813,0.6726016373091759,-0.4482063253975946,0.28545454545454546,0.03264978561769512,0.03809141655397764
pc1,pc1_cal,55,10,-0.8039860498967712,-0.7332690925968847,-0.07071695729988658,0.0,6.009577843474348e-07,4.2067044904320434e-06
