analysis,response,n_samples,loo_rmse,loo_r2,loo_corr,median_alpha_across_outer_folds
full19,ilr_stem_vs_committed,19,2.1224572628264826,-0.1232944960436646,0.2809811014489719,0.15848931924611143
full19,log_aux_erybaso,19,1.9291630116279073,-0.1439141284949348,0.23479403329398194,0.31622776601683794
