,ilr_stem_vs_committed,log_aux_erybaso
ilr_stem_vs_committed,1.6330141002414749,0.6258408594863769
log_aux_erybaso,0.6258408594863769,1.0254702767477872
