k,inertia,silhouette_score
2,69.67929598013954,0.3630652221205104
3,51.06220139938087,0.36081132930243875
4,35.04551482993205,0.3645581559204306
5,26.158498252678484,0.3842665986929843
