axis,n_overlap,pearson_fit_vs_reference
pc1,25,-0.6699820288260228
pc2,25,0.5772770077790967
