threshold,n_dx_rel_pairs,n_switch,n_stable,switch_rate
20,22,11,11,0.5
50,21,11,10,0.5238095238095238
100,21,11,10,0.5238095238095238
